;main;(;);{;};reg;var;def;id;";";,;[;];$;+;-;Const real;Const cadena;Binario;Const Decimal;Const Octal;Const hexadecimal;true;false;Const Exponencial;null;Console.read;Console.log;if;++;--;!;~;CLEAR;SQRT;POW;SQRTV;STRLEN;concat;copy;val;str;sin;cos;tan;chr;pred;succ;inc;dec;sqr;while;do;return;for;switch;elseif;else;:;break;case;default;||;|;?;&&;&;<;>=;<=;!=;==;>;<<;>>;>>>;*;/;#;%;^;=;+=;-=;/=;*=;Const ent
PROGRAMA;1;514;514;514;514;1;1;1;1;514;514;514;514;514;514;514;514;514;514;514;514;514;514;514;514;514;514;514;514;514;514;514;514;514;514;514;514;514;514;514;514;514;514;514;514;514;514;514;514;514;514;514;514;514;514;514;514;514;514;514;514;514;514;514;514;514;514;514;514;514;514;514;514;514;514;514;514;514;514;514;514;514;514;514;514;514;514
A1;13;515;515;515;515;3;5;10;11;515;515;515;515;515;515;515;515;515;515;515;515;515;515;515;515;515;515;515;515;515;515;515;515;515;515;515;515;515;515;515;515;515;515;515;515;515;515;515;515;515;515;515;515;515;515;515;515;515;515;515;515;515;515;515;515;515;515;515;515;515;515;515;515;515;515;515;515;515;515;515;515;515;515;515;515;515;515
A2;516;516;516;516;13;516;516;516;516;2;516;516;516;516;516;516;516;516;516;516;516;516;516;516;516;516;516;516;516;516;516;516;516;516;516;516;516;516;516;516;516;516;516;516;516;516;516;516;516;516;516;516;516;516;516;516;516;516;516;516;516;516;516;516;516;516;516;516;516;516;516;516;516;516;516;516;516;516;516;516;516;516;516;516;516;516;516
A3;517;517;13;517;13;517;517;517;517;517;4;517;517;517;517;517;517;517;517;517;517;517;517;517;517;517;517;517;517;517;517;517;517;517;517;517;517;517;517;517;517;517;517;517;517;517;517;517;517;517;517;517;517;517;517;517;517;517;517;517;517;517;517;517;517;517;517;517;517;517;517;517;517;517;517;517;517;517;517;517;517;517;517;517;517;517;517
A4;518;518;518;518;518;6;518;518;13;518;518;518;518;518;518;518;518;518;518;518;518;518;518;518;518;518;518;518;518;518;518;518;518;518;518;518;518;518;518;518;518;518;518;518;518;518;518;518;518;518;518;518;518;518;518;518;518;518;518;518;518;518;518;518;518;518;518;518;518;518;518;518;518;518;518;518;518;518;518;518;518;518;518;518;518;518;518
A5;517;517;517;517;517;517;517;517;517;517;7;517;13;517;517;517;517;517;517;517;517;517;517;517;517;517;517;517;517;517;517;517;517;517;517;517;517;517;517;517;517;517;517;517;517;517;517;517;517;517;517;517;517;517;517;517;517;517;517;517;517;517;517;517;517;517;517;517;517;517;517;517;517;517;517;517;517;517;517;517;517;517;517;517;517;517;517
A6;519;519;519;519;519;519;519;519;519;13;13;8;519;519;519;519;519;519;519;519;519;519;519;519;519;519;519;519;519;519;519;519;519;519;519;519;519;519;519;519;519;519;519;519;519;519;519;519;519;519;519;519;519;519;519;519;519;519;519;519;519;519;519;519;519;519;519;519;519;519;519;519;519;519;519;519;519;519;519;519;519;519;519;519;519;519;519
A7;517;517;517;517;517;517;517;517;517;13;9;517;517;517;517;517;517;517;517;517;517;517;517;517;517;517;517;517;517;517;517;517;517;517;517;517;517;517;517;517;517;517;517;517;517;517;517;517;517;517;517;517;517;517;517;517;517;517;517;517;517;517;517;517;517;517;517;517;517;517;517;517;517;517;517;517;517;517;517;517;517;517;517;517;517;517;517
A8;517;517;517;517;517;517;517;517;517;13;12;517;517;517;517;517;517;517;517;517;517;517;517;517;517;517;517;517;517;517;517;517;517;517;517;517;517;517;517;517;517;517;517;517;517;517;517;517;517;517;517;517;517;517;517;517;517;517;517;517;517;517;517;517;517;517;517;517;517;517;517;517;517;517;517;517;517;517;517;517;517;517;517;517;517;517;517
LISTA DE PARAMETROS;520;14;520;520;520;520;520;520;520;520;520;520;520;520;520;520;520;520;520;520;520;520;520;520;520;520;520;520;520;520;520;520;520;520;520;520;520;520;520;520;520;520;520;520;520;520;520;520;520;520;520;520;520;520;520;520;520;520;520;520;520;520;520;520;520;520;520;520;520;520;520;520;520;520;520;520;520;520;520;520;520;520;520;520;520;520;520
DECLARACION CONSTANTES;521;521;521;521;521;521;521;521;521;521;521;521;521;521;16;17;15;15;15;15;15;15;15;15;15;15;521;521;521;521;521;521;521;521;521;521;521;521;521;521;521;521;521;521;521;521;521;521;521;521;521;521;521;521;521;521;521;521;521;521;521;521;521;521;521;521;521;521;521;521;521;521;521;521;521;521;521;521;521;521;521;521;521;521;521;521;521
CONSTANTE S/SIGNO;522;522;522;522;522;522;522;522;522;522;522;522;522;522;522;522;18;19;20;20;20;20;21;22;23;24;522;522;522;522;522;522;522;522;522;522;522;522;522;522;522;522;522;522;522;522;522;522;522;522;522;522;522;522;522;522;522;522;522;522;522;522;522;522;522;522;522;522;522;522;522;522;522;522;522;522;522;522;522;522;522;522;522;522;522;522;522
CONST NUMERICA;523;523;523;523;523;523;523;523;523;523;523;523;523;523;523;523;523;523;25;26;27;28;523;523;523;523;523;523;523;523;523;523;523;523;523;523;523;523;523;523;523;523;523;523;523;523;523;523;523;523;523;523;523;523;523;523;523;523;523;523;523;523;523;523;523;523;523;523;523;523;523;523;523;523;523;523;523;523;523;523;523;523;523;523;523;523;523
STATU;524;35;524;36;13;524;524;524;35;13;524;524;524;524;35;35;35;35;35;35;35;35;35;35;35;35;29;31;32;35;35;35;35;35;35;35;35;35;35;35;35;35;35;35;35;35;35;35;35;35;35;37;38;39;40;44;13;13;524;13;524;524;524;524;524;524;524;524;524;524;524;524;524;524;524;524;524;524;524;524;524;524;524;524;524;524;524
B1;517;517;13;517;517;517;517;517;517;517;30;517;13;517;517;517;517;517;517;517;517;517;517;517;517;517;517;517;517;517;517;517;517;517;517;517;517;517;517;517;517;517;517;517;517;517;517;517;517;517;517;517;517;517;517;517;517;517;517;517;517;517;517;517;517;517;517;517;517;517;517;517;517;517;517;517;517;517;517;517;517;517;517;517;517;517;517
B2;525;525;525;525;13;525;525;525;525;13;525;525;525;525;525;525;525;525;525;525;525;525;525;525;525;525;525;525;525;525;525;525;525;525;525;525;525;525;525;525;525;525;525;525;525;525;525;525;525;525;525;13;525;525;525;525;33;34;525;13;525;525;525;525;525;525;525;525;525;525;525;525;525;525;525;525;525;525;525;525;525;525;525;525;525;525;525
B3;526;526;526;526;526;526;526;526;526;43;41;526;526;526;526;526;526;526;526;526;526;526;526;526;526;526;526;526;526;526;526;526;526;526;526;526;526;526;526;526;526;526;526;526;526;526;526;526;526;526;526;526;526;526;526;526;526;526;42;526;526;526;526;526;526;526;526;526;526;526;526;526;526;526;526;526;526;526;526;526;526;526;526;526;526;526;526
B4;527;527;527;527;527;527;527;527;527;45;527;527;527;527;527;527;527;527;527;527;527;527;527;527;527;527;527;527;527;527;527;527;527;527;527;527;527;527;527;527;527;527;527;527;527;527;527;527;527;527;527;527;527;527;527;527;527;527;527;46;527;527;527;527;527;527;527;527;527;527;527;527;527;527;527;527;527;527;527;527;527;527;527;527;527;527;527
B5;528;528;528;528;13;528;528;528;528;528;528;528;528;528;528;528;528;528;528;528;528;528;528;528;528;528;528;528;528;528;528;528;528;528;528;528;528;528;528;528;528;528;528;528;528;528;528;528;528;528;528;528;528;528;528;528;528;528;528;528;47;48;528;528;528;528;528;528;528;528;528;528;528;528;528;528;528;528;528;528;528;528;528;528;528;528;528
OR;529;49;529;529;529;529;529;529;49;529;529;529;529;529;49;49;49;49;49;49;49;49;49;49;49;49;529;529;529;49;49;49;49;49;49;49;49;49;49;49;49;49;49;49;49;49;49;49;49;49;49;529;529;529;529;529;529;529;529;529;529;529;529;529;529;529;529;529;529;529;529;529;529;529;529;529;529;529;529;529;529;529;529;529;529;529;529
C1;530;530;13;530;13;530;530;530;530;13;13;530;13;530;13;13;530;530;530;530;530;530;530;530;530;530;530;530;530;530;530;530;530;530;530;530;530;530;530;530;530;530;530;530;530;530;530;530;530;530;530;13;530;530;530;530;13;13;13;13;530;530;50;51;13;13;13;13;13;13;13;13;13;13;13;13;13;13;13;13;13;530;530;530;530;530;530
AND;529;52;529;529;529;529;529;529;52;529;529;529;529;529;52;52;52;52;52;52;52;52;52;52;52;52;529;529;529;52;52;52;52;52;52;52;52;52;52;52;52;52;52;52;52;52;52;52;52;52;52;529;529;529;529;529;529;529;529;529;529;529;529;529;529;529;529;529;529;529;529;529;529;529;529;529;529;529;529;529;529;529;529;529;529;529;529
D1;531;531;13;531;13;531;531;531;531;13;13;531;13;531;13;13;531;531;531;531;531;531;531;531;531;531;531;531;531;531;531;531;531;531;531;531;531;531;531;531;531;531;531;531;531;531;531;531;531;531;531;13;531;531;531;531;13;13;13;13;531;531;13;13;13;53;54;13;13;13;13;13;13;13;13;13;13;13;13;13;13;531;531;531;531;531;531
EXP_PAS;529;55;529;529;529;529;529;529;55;529;529;529;529;529;55;55;55;55;55;55;55;55;55;55;55;55;529;529;529;55;55;55;55;55;55;55;55;55;55;55;55;55;55;55;55;55;55;55;55;55;55;529;529;529;529;529;529;529;529;529;529;529;529;529;529;529;529;529;529;529;529;529;529;529;529;529;529;529;529;529;529;529;529;529;529;529;529
E1;532;532;13;532;13;532;532;532;532;13;13;532;13;532;13;13;532;532;532;532;532;532;532;532;532;532;532;532;532;532;532;532;532;532;532;532;532;532;532;532;532;532;532;532;532;532;532;532;532;532;532;13;532;532;532;532;13;13;13;13;532;532;13;13;13;13;13;56;57;58;59;60;61;13;13;13;13;13;13;13;13;532;532;532;532;532;532
SIMPLE EXP PASCAL;529;62;529;529;529;529;529;529;62;529;529;529;529;529;62;62;62;62;62;62;62;62;62;62;62;62;529;529;529;62;62;62;62;62;62;62;62;62;62;62;62;62;62;62;62;62;62;62;62;62;62;529;529;529;529;529;529;529;529;529;529;529;529;529;529;529;529;529;529;529;529;529;529;529;529;529;529;529;529;529;529;529;529;529;529;529;529
F1;533;533;13;533;13;533;533;533;533;13;13;533;13;533;64;63;533;533;533;533;533;533;533;533;533;533;533;533;533;533;533;533;533;533;533;533;533;533;533;533;533;533;533;533;533;533;533;533;533;533;533;13;533;533;533;533;13;13;13;13;533;533;13;13;13;13;13;13;13;13;13;13;13;65;66;67;13;13;13;13;13;533;533;533;533;533;533
TERMINO PASCAL;529;68;529;529;529;529;529;529;68;529;529;529;529;529;68;68;68;68;68;68;68;68;68;68;68;68;529;529;529;68;68;68;68;68;68;68;68;68;68;68;68;68;68;68;68;68;68;68;68;68;68;529;529;529;529;529;529;529;529;529;529;529;529;529;529;529;529;529;529;529;529;529;529;529;529;529;529;529;529;529;529;529;529;529;529;529;529
G1;534;534;13;534;13;534;534;534;534;13;13;534;13;534;13;13;534;534;534;534;534;534;534;534;534;534;534;534;534;534;534;534;534;534;534;534;534;534;534;534;534;534;534;534;534;534;534;534;534;534;534;13;534;534;534;534;13;13;13;13;534;534;13;13;13;13;13;13;13;13;13;13;13;13;13;13;69;70;71;73;13;534;534;534;534;534;534
ELEVACION;529;74;529;529;529;529;529;529;74;529;529;529;529;529;74;74;74;74;74;74;74;74;74;74;74;74;529;529;529;74;74;74;74;74;74;74;74;74;74;74;74;74;74;74;74;74;74;74;74;74;74;529;529;529;529;529;529;529;529;529;529;529;529;529;529;529;529;529;529;529;529;529;529;529;529;529;529;529;529;529;529;529;529;529;529;529;529
H1;535;535;13;535;13;535;535;535;535;13;13;535;13;535;13;13;535;535;535;535;535;535;535;535;535;535;535;535;535;535;535;535;535;535;535;535;535;535;535;535;535;535;535;535;535;535;535;535;535;535;535;13;535;535;535;535;13;13;13;13;535;535;13;13;13;13;13;13;13;13;13;13;13;13;13;13;13;13;13;13;75;535;535;535;535;535;535
FACTOR;529;86;529;529;529;529;529;529;77;529;529;529;529;529;76;76;76;76;76;76;76;76;76;76;76;76;529;529;529;84;85;87;88;89;89;89;89;89;89;89;89;89;89;89;89;89;89;89;89;89;89;529;529;529;529;529;529;529;529;529;529;529;529;529;529;529;529;529;529;529;529;529;529;529;529;529;529;529;529;529;529;529;529;529;529;529;529
I1;536;80;13;536;13;536;536;536;536;13;13;78;13;536;13;13;536;536;536;536;536;536;536;536;536;536;536;536;536;536;536;536;536;536;536;536;536;536;536;536;536;536;536;536;536;536;536;536;536;536;536;13;536;536;536;536;13;13;13;13;536;536;13;13;13;13;13;13;13;13;13;13;13;13;13;13;13;13;13;13;13;79;79;79;79;79;536
I2;537;537;13;537;13;537;537;537;537;13;13;537;13;537;13;13;537;537;537;537;537;537;537;537;537;537;537;537;537;537;537;537;537;537;537;537;537;537;537;537;537;537;537;537;537;537;537;537;537;537;537;13;537;537;537;537;13;13;13;13;537;537;13;13;13;13;13;13;13;13;13;13;13;13;13;13;13;13;13;13;13;81;81;81;81;81;537
I3;538;538;13;538;13;538;538;538;538;13;13;538;13;538;13;13;538;538;538;538;538;538;538;538;538;538;538;538;538;538;538;538;538;538;538;538;538;538;538;538;538;538;538;538;538;538;538;538;538;538;538;13;538;538;538;538;13;13;13;13;538;538;13;13;82;13;13;13;13;13;13;13;13;13;13;13;13;13;13;13;13;538;538;538;538;538;538
I4;529;83;13;529;529;529;529;529;83;529;529;529;529;529;83;83;83;83;83;83;83;83;83;83;83;83;529;529;529;83;83;83;83;83;83;83;83;83;83;83;83;83;83;83;83;83;83;83;83;83;83;529;529;529;529;529;529;529;529;529;529;529;529;529;529;529;529;529;529;529;529;529;529;529;529;529;529;529;529;529;529;529;529;529;529;529;529
ARR;539;539;539;539;539;539;539;539;539;539;539;90;539;539;539;539;539;539;539;539;539;539;539;539;539;539;539;539;539;539;539;539;539;539;539;539;539;539;539;539;539;539;539;539;539;539;539;539;539;539;539;539;539;539;539;539;539;539;539;539;539;539;539;539;539;539;539;539;539;539;539;539;539;539;539;539;539;539;539;539;539;539;539;539;539;539;539
FUNCION;540;540;540;540;540;540;540;540;540;540;540;540;540;540;540;540;540;540;540;540;540;540;540;540;540;540;540;540;540;540;540;540;540;91;92;93;94;95;96;97;98;99;100;101;102;103;104;105;106;107;108;540;540;540;540;540;540;540;540;540;540;540;540;540;540;540;540;540;540;540;540;540;540;540;540;540;540;540;540;540;540;540;540;540;540;540;540
ASIG;537;537;537;537;537;537;537;537;537;537;537;537;537;537;537;537;537;537;537;537;537;537;537;537;537;537;537;537;537;537;537;537;537;537;537;537;537;537;537;537;537;537;537;537;537;537;537;537;537;537;537;537;537;537;537;537;537;537;537;537;537;537;537;537;537;537;537;537;537;537;537;537;537;537;537;537;537;537;537;537;537;109;110;111;112;113;537
